{
  "timestamp": "2026-02-12T04:26:40.368898",
  "chunks_imported": 458,
  "chunk_dimension": 768,
  "query_model": "pritamdeka/S-PubMedBert-MS-MARCO",
  "optimal_alpha": 1.0,
  "alpha_performance": {
    "0.0": {
      "avg_time": 0.027484575907389324,
      "avg_results": 5.0
    },
    "0.3": {
      "avg_time": 0.0273282527923584,
      "avg_results": 5.0
    },
    "0.5": {
      "avg_time": 0.022970279057820637,
      "avg_results": 5.0
    },
    "0.7": {
      "avg_time": 0.024283727010091145,
      "avg_results": 5.0
    },
    "1.0": {
      "avg_time": 0.007659514745076497,
      "avg_results": 5.0
    }
  }
}