{
  "timestamp": "2026-02-22T04:21:45.209826",
  "chunks_imported": 4316,
  "chunk_dimension": 768,
  "query_model": "pritamdeka/S-PubMedBert-MS-MARCO",
  "optimal_alpha": 1.0,
  "alpha_performance": {
    "0.0": {
      "avg_time": 0.1943822701772054,
      "avg_results": 5.0
    },
    "0.3": {
      "avg_time": 0.1361852486928304,
      "avg_results": 5.0
    },
    "0.5": {
      "avg_time": 0.15091252326965332,
      "avg_results": 5.0
    },
    "0.7": {
      "avg_time": 0.23629117012023926,
      "avg_results": 5.0
    },
    "1.0": {
      "avg_time": 0.01355759302775065,
      "avg_results": 5.0
    }
  }
}